age,sex,bmi,children,smoker,region,charges
50,male,26.41,0,no,northwest,8827.2099
21,female,26.4,1,no,southwest,2597.779
25,male,26.22,0,no,northeast,2721.3208
50,female,28.16,3,no,southeast,10702.6424
51,male,39.7,1,no,southwest,9391.346
25,female,41.325,0,no,northeast,17878.900680000002
27,female,31.4,0,yes,southwest,34838.873
63,female,26.98,0,yes,northwest,28950.4692
18,female,33.88,0,no,southeast,11482.63485
18,male,23.085,0,no,northeast,1704.70015
58,female,32.965,0,no,northeast,12430.95335
29,female,21.85,0,yes,northeast,16115.3045
39,female,41.8,0,no,southeast,5662.225
55,male,35.245,1,no,northeast,11394.06555
34,female,27.5,1,no,southwest,5003.853
20,male,22.0,1,no,southwest,1964.78
61,female,21.09,0,no,northwest,13415.0381
20,male,27.93,0,no,northeast,1967.0227
30,male,38.83,1,no,southeast,18963.171919999997
49,male,36.85,0,no,southeast,8125.7845
26,female,28.785,0,no,northeast,3385.39915
27,female,34.8,1,no,southwest,3577.9990000000003
36,female,29.92,0,no,southeast,4889.0368
20,female,24.42,0,yes,southeast,26125.674769999998
19,male,19.8,0,no,southwest,1241.565
18,male,25.46,0,no,northeast,1708.0014
54,female,35.815,3,no,northwest,12495.29085
19,female,32.49,0,yes,northwest,36898.73308
43,male,20.13,2,yes,southeast,18767.7377
22,male,33.77,0,no,southeast,1674.6323
22,female,36.0,0,no,southwest,2166.732
48,female,28.88,1,no,northwest,9249.4952
42,male,35.8,2,no,southwest,7160.094
47,male,28.215,4,no,northeast,10407.08585
63,female,35.2,1,no,southeast,14474.675
28,male,38.06,0,no,southeast,2689.4954
64,male,39.16,1,no,southeast,14418.2804
45,female,31.79,0,no,southeast,17929.303369999998
58,male,28.595,0,no,northwest,11735.87905
36,female,26.2,0,no,southwest,4883.866
36,female,29.92,1,no,southeast,5478.0368
28,female,27.5,2,no,southwest,20177.671130000002
30,male,31.4,1,no,southwest,3659.3459999999995
54,male,31.6,0,no,southwest,9850.431999999999
52,female,24.13,1,yes,northwest,23887.6627
38,male,19.95,1,no,northwest,5855.9025
42,female,33.155,1,no,northeast,7639.41745
40,male,29.355,1,no,northwest,6393.60345
22,male,52.58,1,yes,southeast,44501.3982
33,female,35.53,0,yes,northwest,55135.402089999996
31,male,25.935,1,no,northwest,4239.89265
18,female,31.35,0,no,southeast,1622.1885
59,female,27.5,0,no,southwest,12233.828000000001
19,male,44.88,0,yes,southeast,39722.7462
55,female,26.8,1,no,southwest,35160.13457
23,male,23.845,0,no,northeast,2395.17155
19,female,32.9,0,no,southwest,1748.774
19,male,30.59,0,no,northwest,1639.5631
19,male,30.25,0,yes,southeast,32548.3405
18,male,26.18,2,no,southeast,2304.0022
20,male,35.625,3,yes,northwest,37465.34375
53,male,34.105,0,yes,northeast,43254.41795
37,female,47.6,2,yes,southwest,46113.511
35,male,27.74,2,yes,northeast,20984.0936
31,male,38.39,2,no,southeast,4463.2051
25,female,30.2,0,yes,southwest,33900.653
54,female,31.9,1,no,southeast,10928.848999999998
47,female,26.6,2,no,northeast,9715.841
58,female,33.44,0,no,northwest,12231.6136
34,female,29.26,3,no,southeast,6184.2994
45,female,39.995,3,no,northeast,9704.66805
39,female,18.3,5,yes,southwest,19023.26
23,male,37.1,3,no,southwest,3597.5959999999995
46,male,24.795,3,no,northeast,9500.57305
50,male,37.07,1,no,southeast,9048.0273
24,female,27.6,0,no,southwest,18955.22017
61,female,25.08,0,no,southeast,24513.09126
57,female,30.495,0,no,northwest,11840.77505
63,female,37.7,0,yes,southwest,48824.45
26,male,20.8,0,no,southwest,2302.3
34,male,25.27,1,no,northwest,4894.7533
61,female,28.2,0,no,southwest,13041.921
18,male,21.78,2,no,southeast,11884.04858
40,female,33.0,3,no,southeast,7682.67
19,male,33.1,0,no,southwest,23082.95533
30,female,43.12,2,no,southeast,4753.6368
22,male,39.5,0,no,southwest,1682.5970000000002
23,female,23.18,2,no,northwest,14426.07385
58,female,27.17,0,no,northwest,12222.8983
34,female,30.21,1,yes,northwest,43943.8761
51,male,22.42,0,no,northeast,9361.3268
46,male,33.44,1,no,northeast,8334.5896
52,female,31.73,2,no,northwest,11187.6567
56,male,25.935,0,no,northeast,11165.41765
33,female,38.9,3,no,southwest,5972.378000000001
52,male,36.7,0,no,southwest,9144.565
28,male,35.435,0,no,northeast,3268.84665
27,female,23.21,1,no,southeast,3561.8889
54,female,32.68,0,no,northeast,10923.9332
33,male,24.795,0,yes,northeast,17904.52705
53,male,26.41,2,no,northeast,11244.3769
43,male,27.8,0,yes,southwest,37829.7242
23,male,24.51,0,no,northeast,2396.0959
59,male,24.7,0,no,northeast,12323.936000000002
34,female,37.335,2,no,northwest,5989.52365
56,female,39.82,0,no,southeast,11090.7178
52,male,38.6,2,no,southwest,10325.206
23,female,42.75,1,yes,northeast,40904.1995
21,female,17.4,1,no,southwest,2585.269
50,female,46.09,1,no,southeast,9549.5651
56,male,33.66,4,no,southeast,12949.1554
44,female,36.48,0,no,northeast,12797.20962
63,male,33.1,0,no,southwest,13393.756000000001
34,male,30.8,0,yes,southwest,35491.64
33,female,33.5,0,yes,southwest,37079.372
58,male,25.175,0,no,northeast,11931.12525
33,female,28.27,1,no,southeast,4779.6023
56,male,33.63,0,yes,northwest,43921.1837
46,female,19.95,2,no,northwest,9193.8385
32,male,33.82,1,no,northwest,4462.7218
42,male,26.125,2,no,northeast,7729.64575
53,female,28.1,3,no,southwest,11741.726
38,female,40.15,0,no,southeast,5400.9805
30,female,22.895,1,no,northeast,4719.52405
28,male,33.0,3,no,southeast,4449.462
30,female,21.945,1,no,northeast,4718.20355
43,female,24.7,2,yes,northwest,21880.82
49,female,31.9,5,no,southwest,11552.903999999999
42,female,24.985,2,no,northwest,8017.06115
31,female,30.495,3,no,northeast,6113.23105
23,male,32.56,0,no,southeast,1824.2854
20,female,31.79,2,no,southeast,3056.3881
29,female,27.94,1,yes,southeast,19107.7796
64,female,39.7,0,no,southwest,14319.031
31,female,25.74,0,no,southeast,3756.6216
24,male,29.83,0,yes,northeast,18648.4217
37,male,34.2,1,yes,northeast,39047.285
22,male,37.07,2,yes,southeast,37484.4493
44,male,21.85,3,no,northeast,8891.1395
35,female,34.105,3,yes,northwest,39983.42595
45,female,27.645,1,no,northwest,28340.18885
27,female,30.59,1,no,northeast,16796.41194
62,female,26.29,0,yes,southeast,27808.7251
33,male,33.44,5,no,southeast,6653.7886
61,female,31.16,0,no,northwest,13429.0354
18,female,36.85,0,no,southeast,1629.8335
26,male,33.915,1,no,northwest,3292.52985
18,male,30.03,1,no,southeast,1720.3537
40,female,28.69,3,no,northwest,8059.6791
21,female,34.87,0,no,southeast,2020.5523
59,male,27.5,1,no,southwest,12333.828000000001
37,female,34.8,2,yes,southwest,39836.519
50,female,27.075,1,no,northeast,10106.13425
20,female,22.42,0,yes,northwest,14711.7438
30,female,30.9,3,no,southwest,5325.651
47,male,32.3,1,no,southwest,8062.764
48,male,29.7,0,no,southeast,7789.635
18,male,21.565,0,yes,northeast,13747.87235
38,female,27.6,0,no,southwest,5383.536
26,female,22.61,0,no,northwest,3176.8159
22,male,25.175,0,no,northwest,2045.68525
18,male,15.96,0,no,northeast,1694.7964
57,male,42.13,1,yes,southeast,48675.5177
41,female,21.755,1,no,northeast,13725.47184
59,male,37.4,0,no,southwest,21797.0004
29,male,32.11,2,no,northwest,4433.9159
28,male,33.82,0,no,northwest,19673.335730000003
51,female,36.67,2,no,northwest,10848.1343
20,male,33.33,0,no,southeast,1391.5287
21,female,21.85,1,yes,northeast,15359.1045
42,female,26.6,0,yes,northwest,21348.706000000002
18,female,35.625,0,no,northeast,2211.13075
40,male,25.08,0,no,southeast,5415.6612
36,female,30.02,0,no,northwest,5272.1758
19,female,28.6,5,no,southwest,4687.7970000000005
19,male,29.07,0,yes,northwest,17352.6803
19,male,20.7,0,no,southwest,1242.816
18,female,38.28,0,no,southeast,14133.03775
37,male,29.64,0,no,northwest,5028.1466
54,female,21.47,3,no,northwest,12475.3513
39,male,26.41,0,yes,northeast,20149.3229
23,male,18.715,0,no,northwest,21595.38229
29,female,25.6,4,no,southwest,5708.866999999999
18,male,22.99,0,no,northeast,1704.5681
54,male,21.01,2,no,southeast,11013.7119
54,male,25.1,3,yes,southwest,25382.297000000002
18,female,33.155,0,no,northeast,2207.69745
19,female,29.8,0,no,southwest,1744.465
39,female,23.275,3,no,northeast,7986.47525
50,female,33.7,4,no,southwest,11299.343
34,female,33.25,1,no,northeast,5594.8455
37,female,38.39,0,yes,southeast,40419.0191
47,male,28.215,3,yes,northwest,24915.22085
31,male,39.49,1,no,southeast,3875.7341
22,male,26.84,0,no,southeast,1664.9996
31,male,27.645,2,no,northeast,5031.26955
37,female,17.29,2,no,northeast,6877.9801
63,male,30.8,0,no,southwest,13390.559
58,male,34.865,0,no,northeast,11944.59435
18,female,28.215,0,no,northeast,2200.83085
37,female,34.105,1,no,northwest,6112.35295
50,female,30.115,1,no,northwest,9910.35985
60,female,30.5,0,no,southwest,12638.195
39,male,45.43,2,no,southeast,6356.2707
42,male,24.605,2,yes,northeast,21259.37795
48,female,22.8,0,no,southwest,8269.044
63,male,21.66,1,no,northwest,14349.8544
57,male,43.7,1,no,southwest,11576.13
35,female,34.21,1,no,southeast,5245.2269
41,male,30.59,2,no,northwest,7256.7231
18,female,25.08,0,no,northeast,2196.4732
19,male,34.4,0,no,southwest,1261.859
54,male,40.565,3,yes,northeast,48549.17835
18,male,23.21,0,no,southeast,1121.8739
51,female,39.5,1,no,southwest,9880.068000000001
30,male,27.645,1,no,northeast,4237.12655
35,male,28.9,3,no,southwest,5926.846
41,female,31.02,0,no,southeast,6185.3208
25,female,28.595,0,no,northeast,3213.62205
64,male,23.76,0,yes,southeast,26926.5144
30,female,19.95,3,no,northwest,5693.4305
40,female,23.37,3,no,northeast,8252.2843
18,female,27.28,3,yes,southeast,18223.4512
58,male,36.08,0,no,southeast,11363.2832
25,female,26.79,2,no,northwest,4189.1131
19,female,18.6,0,no,southwest,1728.8970000000002
25,female,34.485,0,no,northwest,3021.80915
18,male,23.75,0,no,northeast,1705.6245
48,male,37.29,2,no,southeast,8978.1851
30,male,31.57,3,no,southeast,4837.5823
52,female,30.78,1,no,northeast,10797.3362
31,male,31.065,3,no,northwest,5425.02335
61,male,23.655,0,no,northeast,13129.60345
31,female,25.8,2,no,southwest,4934.705
59,female,31.35,0,no,northwest,12622.1795
41,female,36.08,1,no,southeast,6781.3542
22,female,28.82,0,no,southeast,2156.7518
29,female,25.9,0,no,southwest,3353.284
46,female,35.53,0,yes,northeast,42111.6647
19,female,28.4,1,no,southwest,2331.519
34,female,31.92,1,yes,northeast,37701.8768
28,male,23.98,3,yes,southeast,17663.1442
32,male,28.93,1,yes,southeast,19719.6947
45,male,24.31,5,no,southeast,9788.8659
41,male,30.78,3,yes,northeast,39597.4072
23,male,32.7,3,no,southwest,3591.48
61,female,29.92,3,yes,southeast,30942.1918
28,male,23.8,2,no,southwest,3847.6740000000004
50,male,32.3,2,no,southwest,9630.396999999999
34,female,23.56,0,no,northeast,4992.3764
33,female,26.695,0,no,northwest,4571.41305
28,male,37.1,1,no,southwest,3277.1609999999996
44,male,27.4,2,no,southwest,7726.854
21,male,23.75,2,no,northwest,3077.0955
18,male,21.47,0,no,northeast,1702.4553
26,female,29.92,1,no,southeast,3392.9768
62,female,32.68,0,no,northwest,13844.7972
32,female,41.1,0,no,southwest,3989.841
46,male,42.35,3,yes,southeast,46151.1245
38,male,31.0,1,no,southwest,5488.262
61,female,33.33,4,no,southeast,36580.28216
31,male,28.595,1,no,northwest,4243.59005
54,male,33.63,1,no,northwest,10825.2537
19,male,25.555,1,no,northwest,2221.56445
24,female,26.6,0,no,northeast,3046.062
53,female,23.75,2,no,northeast,11729.6795
19,male,20.615,2,no,northwest,2803.69785
46,female,27.72,1,no,southeast,8232.6388
51,male,30.03,1,no,southeast,9377.9047
45,male,21.375,0,no,northwest,7222.78625
36,male,41.895,3,yes,northeast,43753.33705
61,female,44.0,0,no,southwest,13063.883
35,male,27.61,1,no,southeast,4747.0529
18,male,23.32,1,no,southeast,1711.0268
25,male,33.66,4,no,southeast,4504.6624
52,male,30.2,1,no,southwest,9724.53
52,female,25.3,2,yes,southeast,24667.418999999998
47,male,29.8,3,yes,southwest,25309.488999999998
50,male,25.365,2,no,northwest,30284.642939999998
52,female,37.4,0,no,southwest,9634.538
36,male,33.4,2,yes,southwest,38415.474
63,female,32.2,2,yes,southwest,47305.305
36,female,22.135,3,no,northeast,7228.21565
20,female,31.46,0,no,southeast,1877.9294
30,female,33.33,1,no,southeast,4151.0287
56,female,26.6,1,no,northwest,12044.341999999999
39,male,26.22,1,no,northwest,6123.5688
51,male,23.21,1,yes,southeast,22218.1149
63,male,28.31,0,no,northwest,13770.0979
44,female,25.8,1,no,southwest,7624.63
49,female,34.77,1,no,northwest,9583.8933
18,male,31.68,2,yes,southeast,34303.1672
62,female,29.92,0,no,southeast,13457.9608
23,male,41.91,0,no,southeast,1837.2819
55,male,37.3,0,no,southwest,20630.28351
22,female,30.4,0,yes,northwest,33907.547999999995
59,male,25.46,0,no,northwest,12124.9924
50,female,44.745,0,no,northeast,9541.69555
40,female,36.19,0,no,southeast,5920.1041
44,female,27.645,0,no,northwest,7421.19455
29,male,29.64,1,no,northeast,20277.80751
18,female,38.665,2,no,northeast,3393.35635
22,female,24.3,0,no,southwest,2150.469
58,female,28.215,0,no,northwest,12224.35085
47,male,25.41,1,yes,southeast,21978.6769
42,male,24.64,0,yes,southeast,19515.5416
48,female,27.93,4,no,northwest,11015.1747
19,female,23.4,2,no,southwest,2913.5690000000004
21,female,21.89,2,no,southeast,3180.5101
34,male,35.815,0,no,northwest,4320.41085
56,female,32.3,3,no,northeast,13430.265
19,female,27.9,0,yes,southwest,16884.924
61,female,39.1,2,no,southwest,14235.072
36,male,33.82,1,no,northwest,5377.4578
18,female,26.315,0,no,northeast,2198.18985
18,female,40.26,0,no,southeast,1634.5734
46,female,23.655,1,yes,northwest,21677.28345
39,female,34.32,5,no,southeast,8596.8278
25,male,26.8,3,no,southwest,3906.127
37,male,29.8,0,no,southwest,20420.60465
21,female,35.72,0,no,northwest,2404.7338
54,male,30.02,0,no,northwest,24476.47851
43,female,35.64,1,no,southeast,7345.7266
18,female,36.85,0,yes,southeast,36149.4835
56,male,36.1,3,no,southwest,12363.546999999999
44,female,20.235,1,yes,northeast,19594.80965
44,male,34.32,1,no,southeast,7147.4728
26,male,27.265,3,no,northeast,4661.28635
60,male,24.32,0,no,northwest,12523.6048
18,female,39.82,0,no,southeast,1633.9618
18,male,33.77,1,no,southeast,1725.5523
24,male,35.86,0,no,southeast,1986.9334
20,female,21.8,0,yes,southwest,20167.336030000002
43,male,38.06,2,yes,southeast,42560.4304
26,male,29.15,1,no,southeast,2902.9065
42,male,37.18,2,no,southeast,7162.0122
59,male,29.83,3,yes,northeast,30184.9367
55,male,30.685,0,yes,northeast,42303.69215
52,male,32.205,3,no,northeast,11488.31695
39,female,24.225,5,no,northwest,8965.79575
50,male,31.825,0,yes,northeast,41097.16175
27,female,30.4,3,no,northwest,18804.7524
61,female,35.91,0,no,northeast,13635.6379
46,female,28.9,2,no,southwest,8823.279
57,female,31.825,0,no,northwest,11842.62375
24,female,30.21,3,no,northwest,4618.0799
53,female,35.9,2,no,southwest,11163.568000000001
34,male,34.675,0,no,northeast,4518.82625
52,female,23.18,0,no,northeast,10197.7722
31,female,29.1,0,no,southwest,3761.292
52,male,26.4,3,no,southeast,25992.82104
60,female,38.06,0,no,southeast,12648.7034
62,male,21.4,0,no,southwest,12957.118
55,female,26.98,0,no,northwest,11082.5772
25,male,25.74,0,no,southeast,2137.6536
25,male,25.84,1,no,northeast,3309.7926
30,female,23.655,3,yes,northwest,18765.87545
22,male,31.73,0,no,northeast,2254.7967
59,female,34.8,2,no,southwest,36910.60803
22,female,20.235,0,no,northwest,2527.81865
53,female,39.6,1,no,southeast,10579.711000000001
45,male,39.805,0,no,northeast,7448.40395
46,male,30.495,3,yes,northwest,40720.55105
49,female,27.17,0,no,southeast,8601.3293
23,male,26.51,0,no,southeast,1815.8759
61,male,36.3,1,yes,southwest,47403.88
24,female,33.99,0,no,southeast,2473.3341
23,female,28.0,0,no,southwest,13126.67745
54,male,24.035,0,no,northeast,10422.91665
58,female,33.1,0,no,southwest,11848.141000000001
63,female,23.085,0,no,northeast,14451.83515
29,male,31.73,2,no,northwest,4433.3877
27,male,42.13,0,yes,southeast,39611.7577
29,male,34.4,0,yes,southwest,36197.699
22,male,37.62,1,yes,southeast,37165.1638
42,male,24.86,0,no,southeast,5966.8874
34,male,32.8,1,no,southwest,14358.36437
62,male,32.11,0,no,northeast,13555.0049
18,female,39.16,0,no,southeast,1633.0444
50,male,27.455,1,no,northeast,9617.66245
33,female,18.5,1,no,southwest,4766.022
31,male,25.9,3,yes,southwest,19199.944
60,female,28.7,1,no,southwest,13224.693000000001
58,male,23.3,0,no,southwest,11345.518999999998
43,female,26.7,2,yes,southwest,22478.6
25,male,24.985,2,no,northeast,23241.47453
56,female,25.65,0,no,northwest,11454.0215
57,female,22.23,0,no,northeast,12029.2867
34,male,34.21,0,no,southeast,3935.1799
22,male,34.8,3,no,southwest,3443.0640000000003
50,male,34.2,2,yes,southwest,42856.837999999996
51,female,34.1,0,no,southeast,9283.562
35,male,38.6,1,no,southwest,4762.329000000001
52,male,32.775,3,no,northwest,11289.10925
38,female,37.73,0,no,southeast,5397.6167
45,female,30.9,2,no,southwest,8520.026
49,female,41.47,4,no,southeast,10977.2063
29,female,24.6,2,no,southwest,4529.477
51,female,37.73,1,no,southeast,9877.6077
48,male,29.6,0,no,southwest,21232.182259999998
19,male,35.4,0,no,southwest,1263.249
26,female,17.195,2,yes,northeast,14455.64405
49,male,22.515,0,no,northeast,8688.85885
37,male,24.32,2,no,northwest,6198.7518
50,female,27.6,1,yes,southwest,24520.264
60,female,27.55,0,no,northeast,13217.0945
62,female,25.0,0,no,southwest,13451.122
35,female,34.8,1,no,southwest,5246.047
36,male,28.595,3,no,northwest,6548.19505
39,female,34.1,3,no,southwest,7418.522
21,male,31.1,0,no,southwest,1526.3120000000001
23,male,31.73,3,yes,northeast,36189.1017
29,male,33.345,2,no,northwest,19442.3535
54,female,47.41,0,yes,southeast,63770.42801
19,female,22.515,0,no,northwest,2117.33885
38,female,28.0,3,no,southwest,7151.092
56,male,40.3,0,no,southwest,10602.385
46,male,26.62,1,no,southeast,7742.1098
53,female,33.25,0,no,northeast,10564.8845
26,male,31.065,0,no,northwest,2699.56835
18,male,34.1,0,no,southeast,1137.011
59,male,41.14,1,yes,southeast,48970.2476
58,male,49.06,0,no,southeast,11381.3254
56,male,22.1,0,no,southwest,10577.087
33,female,24.31,0,no,southeast,4185.0979
35,male,30.5,1,no,southwest,4751.07
28,female,37.62,1,no,southeast,3766.8838
53,male,28.6,3,no,southwest,11253.421
20,female,26.84,1,yes,southeast,17085.2676
29,male,38.94,1,no,southeast,3471.4096
20,male,30.115,5,no,northeast,4915.05985
43,male,23.2,0,no,southwest,6250.435
41,female,33.155,3,no,northeast,8538.28845
18,female,30.115,0,no,northeast,21344.8467
57,female,34.295,2,no,northeast,13224.05705
49,female,22.61,1,no,northwest,9566.9909
50,male,44.77,1,no,southeast,9058.7303
44,male,30.69,2,no,southeast,7731.4271
56,female,33.82,2,no,northwest,12643.3778
27,female,17.955,2,yes,northeast,15006.57945
64,female,39.05,3,no,southeast,16085.1275
31,male,28.5,5,no,northeast,6799.4580000000005
57,male,40.28,0,no,northeast,20709.02034
57,male,18.335,0,no,northeast,11534.87265
33,male,35.75,2,no,southeast,4889.9995
50,male,32.11,2,no,northeast,25333.33284
45,male,27.5,3,no,southwest,8615.3
31,male,36.3,2,yes,southwest,38711.0
28,female,26.315,3,no,northwest,5312.16985
30,male,44.22,2,no,southeast,4266.1658
60,male,39.9,0,yes,southwest,48173.361
38,female,28.93,1,no,southeast,5974.3847
18,male,25.175,0,yes,northeast,15518.18025
48,female,35.91,1,no,northeast,26392.260290000002
48,female,27.265,1,no,northeast,9447.25035
64,male,38.19,0,no,northeast,14410.9321
45,male,23.56,2,no,northeast,8603.8234
27,female,20.045,3,yes,northwest,16420.49455
46,female,32.3,2,no,northeast,9411.005
48,male,28.0,1,yes,southwest,23568.272
28,male,29.26,2,no,northeast,4438.2634
18,female,20.79,0,no,southeast,1607.5101
63,female,21.66,0,no,northeast,14449.8544
64,female,32.965,0,no,northwest,14692.66935
61,male,35.86,0,yes,southeast,46599.1084
40,female,29.6,0,no,southwest,5910.944
60,male,31.35,3,yes,northwest,46130.5265
52,female,31.2,0,no,southwest,9625.92
20,male,31.13,2,no,southeast,2566.4707
58,female,41.91,0,no,southeast,24227.33724
33,male,35.245,0,no,northeast,12404.8791
18,female,31.13,0,no,southeast,1621.8827
53,female,26.7,2,no,southwest,11150.78
42,male,35.97,2,no,southeast,7160.3303
60,female,25.84,0,no,northwest,28923.136919999997
55,male,32.67,1,no,southeast,10807.4863
22,male,35.6,0,yes,southwest,35585.576
19,female,27.93,3,no,northwest,18838.70366
47,male,36.2,1,no,southwest,8068.185
32,male,31.5,1,no,southwest,4076.4970000000003
44,female,27.5,1,no,southwest,7626.993
43,female,35.72,2,no,northeast,19144.57652
43,male,30.1,1,no,southwest,6849.026
45,female,35.815,0,no,northwest,7731.85785
62,female,38.095,2,no,northeast,15230.32405
37,female,27.74,3,no,northwest,7281.5056
45,male,30.495,2,no,northwest,8413.46305
45,female,28.6,2,no,southeast,8516.829
19,male,27.7,0,yes,southwest,16297.846000000001
48,male,31.445,1,no,northeast,8964.06055
30,female,28.405,1,no,northwest,4527.18295
31,female,21.755,0,no,northwest,4134.08245
35,female,35.86,2,no,southeast,5836.5204
46,male,25.8,5,no,southwest,10096.97
19,female,28.88,0,yes,northwest,17748.5062
56,male,32.11,1,no,northeast,11763.0009
54,male,30.8,1,yes,southeast,41999.52
20,female,28.975,0,no,northwest,2257.47525
47,female,24.1,1,no,southwest,26236.57997
64,female,30.115,3,no,northwest,16455.70785
35,male,36.67,1,yes,northeast,39774.2763
50,male,36.2,0,no,southwest,8457.818000000001
24,male,31.065,0,yes,northeast,34254.05335
51,female,34.2,1,no,southwest,9872.701
20,male,27.3,0,yes,southwest,16232.847
26,male,46.53,1,no,southeast,2927.0647
54,male,39.6,1,no,southwest,10450.552
40,male,26.315,1,no,northwest,6389.37785
47,female,33.915,3,no,northwest,10115.00885
32,female,28.93,0,no,southeast,3972.9247
32,male,28.88,0,no,northwest,3866.8552
24,female,29.925,0,no,northwest,2850.68375
60,female,32.45,0,yes,southeast,45008.9555
37,male,36.19,0,no,southeast,19214.705530000003
52,female,44.7,3,no,southwest,11411.685
60,male,32.8,0,yes,southwest,52590.82939
36,male,27.55,3,no,northeast,6746.7425
38,female,34.8,2,no,southwest,6571.544
19,male,21.755,0,no,northwest,1627.28245
63,female,26.22,0,no,northwest,14256.1928
47,female,36.0,1,no,southwest,8556.907
18,female,29.165,0,no,northeast,7323.734818999999
28,male,26.98,2,no,northeast,4435.0942
36,female,19.855,0,no,northeast,5458.04645
57,female,25.74,2,no,southeast,12629.1656
51,male,24.795,2,yes,northwest,23967.38305
54,male,25.46,1,no,northeast,25517.11363
47,male,19.19,1,no,northeast,8627.5411
63,male,39.8,3,no,southwest,15170.069
23,female,32.78,2,yes,southeast,36021.0112
22,male,31.35,1,no,northwest,2643.2685
46,male,43.89,3,no,southeast,8944.1151
18,female,38.17,0,no,southeast,1631.6683
63,male,31.445,0,no,northeast,13974.45555
51,male,25.4,0,no,southwest,8782.469000000001
30,female,27.7,0,no,southwest,3554.203
53,male,30.495,0,no,northeast,10072.05505
45,female,27.83,2,no,southeast,8515.7587
51,female,36.385,3,no,northwest,11436.73815
56,male,33.725,0,no,northwest,10976.24575
23,female,34.96,3,no,northwest,4466.6214
36,male,31.5,0,no,southwest,4402.233
40,female,32.775,2,yes,northwest,40003.33225
57,male,28.975,0,yes,northeast,27218.43725
58,female,25.2,0,no,southwest,11837.16
27,female,32.395,1,no,northeast,18903.49141
56,female,28.785,0,no,northeast,11658.37915
42,female,23.37,0,yes,northeast,19964.7463
43,female,34.4,3,no,southwest,8522.003
21,male,36.86,0,no,northwest,1917.3184
43,male,26.03,0,no,northeast,6837.3687
24,female,24.225,0,no,northwest,2842.76075
54,female,27.645,1,no,northwest,11305.93455
27,male,32.585,3,no,northeast,4846.92015
53,male,36.6,3,no,southwest,11264.541000000001
26,male,32.9,2,yes,southwest,36085.219
20,female,29.6,0,no,southwest,1875.344
58,female,29.0,0,no,southwest,11842.442
43,male,35.97,3,yes,southeast,42124.5153
64,female,31.825,2,no,northeast,16069.08475
42,male,31.255,0,no,northwest,6358.77645
43,male,32.6,2,no,southwest,7441.501
41,male,21.78,1,no,southeast,6272.4772
20,male,30.685,0,yes,northeast,33475.81715
48,male,30.78,3,no,northeast,10141.1362
28,male,24.3,5,no,southwest,5615.369000000001
52,female,24.86,0,no,southeast,27117.99378
23,male,17.385,1,no,northwest,2775.19215
51,female,33.915,0,no,northeast,9866.30485
47,female,24.32,0,no,northeast,8534.6718
33,male,27.1,1,yes,southwest,19040.876
44,female,25.0,1,no,southwest,7623.518
34,male,22.42,2,no,northeast,27375.90478
26,female,19.8,1,no,southwest,3378.91
47,female,29.545,1,no,northwest,8930.93455
46,male,38.17,2,no,southeast,8347.1643
46,male,40.375,2,no,northwest,8733.22925
47,female,23.6,1,no,southwest,8539.671
30,male,35.53,0,yes,southeast,36950.2567
62,male,39.93,0,no,southeast,12982.8747
19,female,31.825,1,no,northwest,2719.27975
19,male,34.1,0,no,southwest,1261.442
35,female,35.815,1,no,northwest,5630.45785
48,female,32.3,2,no,northeast,10043.249
51,male,35.97,1,no,southeast,9386.1613
45,female,33.1,0,no,southwest,7345.084
39,female,26.315,2,no,northwest,7201.70085
40,female,29.81,1,no,southeast,6500.2359
31,female,26.62,0,no,southeast,3757.8448
41,male,37.05,2,no,northwest,7265.7025
41,female,28.05,1,no,southeast,6770.1925
31,male,30.875,0,no,northeast,3857.75925
36,male,34.43,2,no,southeast,5584.3057
47,female,26.125,1,yes,northeast,23401.30575
24,male,40.15,0,yes,southeast,38126.2465
59,female,32.1,3,no,southwest,14007.222
44,female,23.98,2,no,southeast,8211.1002
20,female,33.0,0,no,southeast,1880.07
43,female,29.9,1,no,southwest,7337.7480000000005
38,female,30.21,3,no,northwest,7537.1639
40,female,27.4,1,no,southwest,6496.8859999999995
18,female,21.66,0,yes,northeast,14283.4594
62,male,26.695,0,yes,northeast,28101.33305
55,female,40.81,3,no,southeast,12485.8009
37,male,37.07,1,yes,southeast,39871.7043
55,male,38.28,0,no,southeast,10226.2842
32,female,31.54,1,no,northeast,5148.5526
32,female,17.765,2,yes,northwest,32734.1863
64,female,26.885,0,yes,northwest,29330.98315
33,female,36.29,3,no,northeast,6551.7501
48,female,36.575,0,no,northwest,8671.19125
57,male,28.1,0,no,southwest,10965.446000000002
49,female,21.3,1,no,southwest,9182.17
54,male,30.21,0,no,northwest,10231.4999
62,male,31.46,1,no,southeast,27000.98473
34,female,26.41,1,no,northwest,5385.3379
39,female,32.5,1,no,southwest,6238.298000000001
27,female,36.08,0,yes,southeast,37133.8982
63,male,36.765,0,no,northeast,13981.85035
42,male,34.1,0,no,southwest,5979.731
59,female,35.2,0,no,southeast,12244.531
32,male,33.63,1,yes,northeast,37607.5277
35,female,31.0,1,no,southwest,5240.765
44,female,38.06,0,yes,southeast,48885.135610000005
34,male,42.9,1,no,southwest,4536.259
45,male,22.895,0,yes,northeast,35069.37452
19,female,17.8,0,no,southwest,1727.785
39,female,31.92,2,no,northwest,7209.4918
32,female,20.52,0,no,northeast,4544.2348
39,male,28.3,1,yes,southwest,21082.16
62,male,38.83,0,no,southeast,12981.3457
27,male,33.66,0,no,southeast,2498.4144
37,male,30.8,0,no,southwest,4646.759
47,female,27.645,2,yes,northwest,24535.69855
27,male,23.1,0,no,southeast,2483.736
62,female,39.2,0,no,southwest,13470.86
32,male,28.12,4,yes,northwest,21472.4788
32,male,37.18,2,no,southeast,4673.3922
55,male,33.88,3,no,southeast,11987.1682
55,male,21.5,1,no,southwest,10791.96
18,male,33.33,0,no,southeast,1135.9407
21,male,31.02,0,no,southeast,16586.49771
34,female,38.0,3,no,southwest,6196.448
64,female,33.8,1,yes,southwest,47928.03
27,male,28.5,0,yes,northwest,18310.742
27,female,24.1,0,no,southwest,2974.1259999999997
25,female,20.8,1,no,southwest,3208.7870000000003
35,male,34.77,2,no,northwest,5729.0053
34,female,26.73,1,no,southeast,5002.7827
61,male,36.1,3,no,southwest,27941.28758
62,male,27.55,1,no,northwest,13937.6665
18,female,42.24,0,yes,southeast,38792.6856
24,male,28.5,2,no,northwest,3537.703
19,female,33.11,0,yes,southeast,34439.8559
62,female,32.965,3,no,northwest,15612.19335
20,male,28.025,1,yes,northwest,17560.37975
19,female,21.7,0,yes,southwest,13844.506000000001
37,female,30.78,0,yes,northeast,37270.1512
39,female,22.8,3,no,northeast,7985.815
30,male,37.43,3,no,northeast,5428.7277
49,female,30.78,1,no,northeast,9778.3472
48,female,33.11,0,yes,southeast,40974.1649
39,female,23.87,5,no,southeast,8582.3023
18,female,31.92,0,no,northeast,2205.9808
19,female,30.495,0,no,northwest,2128.43105
29,male,28.975,1,no,northeast,4040.55825
24,male,28.5,0,yes,northeast,35147.52848
18,male,41.14,0,no,southeast,1146.7966
32,male,46.53,2,no,southeast,4686.3887
52,female,33.3,2,no,southwest,10806.839
42,female,36.195,1,no,northwest,7443.64305
48,female,31.13,0,no,southeast,8280.6227
27,female,24.75,0,yes,southeast,16577.7795
47,female,29.37,1,no,southeast,8547.6913
40,female,29.3,4,no,southwest,15828.821730000001
18,male,26.125,0,no,northeast,1708.92575
19,male,17.48,0,no,northwest,1621.3402
19,female,34.7,2,yes,southwest,36397.576
50,male,32.3,1,yes,northeast,41919.097
21,female,34.6,0,no,southwest,2020.1770000000001
37,female,30.8,2,no,southeast,6313.759
53,male,31.35,0,no,southeast,27346.04207
51,male,31.635,0,no,northwest,9174.13565
35,male,27.1,1,no,southwest,4746.344
35,male,17.86,1,no,northwest,5116.5004
49,male,30.3,0,no,southwest,8116.68
36,female,22.6,2,yes,southwest,18608.262
56,female,28.31,0,no,northeast,11657.7189
53,female,36.86,3,yes,northwest,46661.4424
40,female,41.42,1,no,northwest,28476.734989999997
21,female,22.135,0,no,northeast,2585.85065
42,female,37.9,0,no,southwest,6474.013000000001
35,female,38.095,2,no,northeast,24915.04626
25,male,30.59,0,no,northeast,2727.3951
29,female,21.755,1,yes,northeast,16657.71745
44,male,25.365,1,no,northwest,7518.02535
39,female,24.89,3,yes,northeast,21659.9301
42,male,26.07,1,yes,southeast,38245.59327
52,female,46.75,5,no,southeast,12592.5345
56,female,41.91,0,no,southeast,11093.6229
35,male,24.13,1,no,northwest,5125.2157
61,female,29.07,0,yes,northwest,29141.3603
46,female,34.6,1,yes,southwest,41661.602
34,male,21.375,0,no,northeast,4500.33925
34,male,27.835,1,yes,northwest,20009.63365
36,male,30.875,1,no,northwest,5373.36425
29,male,29.735,2,no,northwest,18157.876
60,male,24.32,1,no,northwest,13112.6048
19,female,30.59,2,no,northwest,24059.68019
32,female,23.65,1,no,southeast,17626.23951
29,male,22.895,0,yes,northeast,16138.76205
38,female,40.565,1,no,northwest,6373.55735
31,female,32.68,1,no,northwest,4738.2682
24,female,33.345,0,no,northwest,2855.43755
50,female,28.12,3,no,northwest,11085.5868
44,male,31.35,1,yes,northeast,39556.4945
54,female,31.9,3,no,southeast,27322.733860000004
37,female,29.5,2,no,southwest,6311.951999999999
32,female,29.59,1,no,southeast,4562.8421
24,female,30.1,3,no,southwest,4234.927
59,male,28.785,0,no,northwest,12129.61415
31,female,29.26,1,no,southeast,4350.5144
22,male,19.95,3,no,northeast,4005.4225
49,male,25.6,2,yes,southwest,23306.547000000002
21,male,27.36,0,no,northeast,2104.1134
31,male,29.81,0,yes,southeast,19350.3689
23,female,36.67,2,yes,northeast,38511.6283
56,male,39.6,0,no,southwest,10601.412
19,male,20.3,0,no,southwest,1242.26
30,female,28.38,1,yes,southeast,19521.9682
29,female,38.83,3,no,southeast,5138.2567
59,male,26.4,0,no,southeast,11743.298999999999
57,male,40.37,0,no,southeast,10982.5013
29,male,27.2,0,no,southwest,2866.091
27,male,33.155,2,no,northwest,4058.71245
56,male,34.43,0,no,southeast,10594.2257
24,female,22.6,0,no,southwest,2457.502
22,female,21.28,3,no,northwest,4296.2712
43,male,25.52,5,no,southeast,14478.33015
41,female,32.965,0,no,northwest,6571.02435
41,male,23.94,1,no,northeast,6858.4796
40,male,41.69,0,no,southeast,5438.7491
20,female,37.0,5,no,southwest,4830.63
47,male,25.46,2,no,northeast,9225.2564
21,male,23.21,0,no,southeast,1515.3449
57,male,23.7,0,no,southwest,10959.33
45,male,24.035,2,no,northeast,8604.48365
41,female,31.6,0,no,southwest,6186.1269999999995
28,female,33.4,0,no,southwest,3172.018
56,male,26.695,1,yes,northwest,26109.32905
41,male,28.8,1,no,southwest,6282.235
21,male,26.03,0,no,northeast,2102.2647
29,male,35.5,2,yes,southwest,44585.45587
19,female,37.43,0,no,northwest,2138.0707
57,female,31.16,0,yes,northwest,43578.9394
21,female,25.8,0,no,southwest,2007.945
49,male,28.7,1,no,southwest,8703.456
37,female,25.555,1,yes,northeast,20296.86345
61,male,28.31,1,yes,northwest,28868.6639
38,male,37.05,1,no,northeast,6079.6715
29,male,22.515,3,no,northeast,5209.57885
24,male,25.8,0,no,southwest,1972.95
26,female,22.23,0,no,northwest,3176.2877
37,male,28.025,2,no,northwest,6203.90175
28,female,23.845,2,no,northwest,4719.73655
47,male,19.57,1,no,northwest,8428.0693
18,male,28.31,1,no,northeast,11272.331390000001
19,female,40.5,0,no,southwest,1759.338
48,female,28.9,0,no,southwest,8277.523000000001
63,male,35.09,0,yes,southeast,47055.5321
43,female,34.58,1,no,northwest,7727.2532
32,male,30.8,3,no,southwest,5253.524
49,male,29.83,1,no,northeast,9288.0267
62,male,37.4,0,no,southwest,12979.358
58,male,36.955,2,yes,northwest,47496.49445
18,male,53.13,0,no,southeast,1163.4627
27,male,30.3,3,no,southwest,4260.744000000001
21,male,31.255,0,no,northwest,1909.52745
61,male,33.915,0,no,northeast,13143.86485
49,male,25.84,2,yes,northwest,23807.2406
25,male,35.625,0,no,northwest,2534.39375
25,male,29.7,3,yes,southwest,19933.458
57,female,29.81,0,yes,southeast,27533.9129
28,female,25.935,1,no,northwest,4133.64165
25,male,23.9,5,no,southwest,5080.096
44,male,22.135,2,no,northeast,8302.53565
26,male,35.42,0,no,southeast,2322.6218
25,male,26.695,4,no,northwest,4877.98105
30,male,24.13,1,no,northwest,4032.2407
26,female,42.4,1,no,southwest,3410.324
18,male,30.4,3,no,northeast,3481.868
27,male,31.13,1,yes,southeast,34806.4677
24,female,23.21,0,no,southeast,25081.76784
55,male,37.715,3,no,northwest,30063.58055
30,female,32.4,1,no,southwest,4149.736
22,female,34.58,2,no,northeast,3925.7582
25,female,24.3,3,no,southwest,4391.652
64,male,33.88,0,yes,southeast,46889.2612
64,female,39.33,0,no,northeast,14901.5167
39,male,29.6,4,no,southwest,7512.267
34,male,42.13,2,no,southeast,5124.1887
21,female,32.68,2,no,northwest,26018.95052
18,male,31.73,0,yes,northeast,33732.6867
53,female,32.3,2,no,northeast,29186.48236
33,female,42.94,3,no,northwest,6360.9936
41,male,32.2,2,no,southwest,6875.960999999999
22,male,28.31,1,no,northwest,2639.0429
49,male,30.9,0,yes,southwest,39727.614
37,male,30.875,3,no,northwest,6796.86325
18,male,39.14,0,no,northeast,12890.05765
52,female,38.38,2,no,northeast,11396.9002
54,male,32.775,0,no,northeast,10435.06525
44,female,26.41,0,no,northwest,7419.4779
23,female,31.4,0,yes,southwest,34166.273
33,male,29.4,4,no,southwest,6059.173000000001
30,male,37.8,2,yes,southwest,39241.442
36,male,28.88,3,no,northeast,6748.5912
31,female,31.065,0,no,northeast,4347.02335
59,male,31.79,2,no,southeast,12928.7911
53,male,36.1,1,no,southwest,10085.846
60,female,36.005,0,no,northeast,13228.84695
63,male,41.47,0,no,southeast,13405.3903
60,male,40.92,0,yes,southeast,48673.5588
19,male,27.265,2,no,northwest,22493.65964
38,male,27.835,2,no,northwest,6455.86265
45,male,36.48,2,yes,northwest,42760.5022
51,female,38.06,0,yes,southeast,44400.4064
50,male,25.3,0,no,southeast,8442.667
27,male,32.67,0,no,southeast,2497.0383
37,male,22.705,3,no,northeast,6985.50695
40,male,19.8,1,yes,southeast,17179.522
47,female,36.63,1,yes,southeast,42969.8527
59,female,26.505,0,no,northeast,12815.44495
40,male,29.9,2,no,southwest,6600.361
36,female,25.9,1,no,southwest,5472.4490000000005
28,female,33.11,0,no,southeast,3171.6149
53,male,31.16,1,no,northwest,10461.9794
27,female,25.175,0,no,northeast,3558.62025
29,male,37.29,2,no,southeast,4058.1161
41,female,28.31,1,no,northwest,7153.5539
52,male,34.1,0,no,southeast,9140.951
32,female,37.145,3,no,northeast,6334.34355
57,male,33.63,1,no,northwest,11945.1327
55,male,32.775,0,no,northwest,10601.63225
51,female,21.56,1,no,southeast,9855.1314
61,male,38.38,0,no,northwest,12950.0712
49,male,25.84,1,no,northeast,9282.4806
54,female,30.8,3,no,southwest,12105.32
20,male,33.0,1,no,southwest,1980.07
48,male,40.565,2,yes,northwest,45702.02235
46,male,25.745,3,no,northwest,9301.89355
26,female,29.48,1,no,southeast,3392.3652
59,male,29.7,2,no,southeast,12925.886
38,female,19.95,2,no,northeast,7133.9025
25,female,33.99,1,no,southeast,3227.1211
43,female,30.685,2,no,northwest,8310.83915
21,male,35.53,0,no,southeast,1532.4697
19,male,36.955,0,yes,northwest,36219.40545
50,male,30.97,3,no,northwest,10600.5483
19,male,28.4,1,no,southwest,1842.519
18,female,24.09,1,no,southeast,2201.0971
18,female,32.12,2,no,southeast,2801.2588
42,male,30.0,0,yes,southwest,22144.032000000003
43,female,20.045,2,yes,northeast,19798.05455
26,female,40.185,0,no,northwest,3201.24515
22,female,27.1,0,no,southwest,2154.361
62,female,39.16,0,no,southeast,13470.8044
27,female,31.255,1,no,northwest,3956.07145
21,male,20.235,3,no,northeast,3861.20965
40,male,35.3,3,no,southwest,7196.866999999999
38,male,38.39,3,yes,southeast,41949.2441
21,male,28.975,0,no,northwest,1906.35825
18,male,28.5,0,no,northeast,1712.227
31,female,32.775,2,no,northwest,5327.40025
46,female,33.725,1,no,northeast,8823.98575
49,male,35.86,0,no,southeast,8124.4084
45,female,35.3,0,no,southwest,7348.142
44,male,39.52,0,no,northwest,6948.7008
18,female,30.305,0,no,northeast,2203.73595
36,female,26.885,0,no,northwest,5267.81815
43,female,25.08,0,no,northeast,7325.0482
59,female,27.72,3,no,southeast,14001.1338
39,female,32.8,0,no,southwest,5649.715
52,male,47.74,1,no,southeast,9748.9106
19,male,24.6,1,no,southwest,1837.237
51,female,37.05,3,yes,northeast,46255.1125
37,male,34.1,4,yes,southwest,40182.246
44,female,36.955,1,no,northwest,8023.13545
39,male,42.655,0,no,northeast,5757.41345
45,male,28.7,2,no,southwest,8027.968000000001
22,female,23.18,0,no,northeast,2731.9122
52,male,36.765,2,no,northwest,26467.09737
58,male,35.7,0,no,southwest,11362.755
18,female,31.35,4,no,northeast,4561.1885
63,female,36.3,0,no,southeast,13887.204
55,female,30.14,2,no,southeast,11881.9696
40,male,22.705,2,no,northeast,7173.35995
29,female,20.235,2,no,northwest,4906.40965
33,male,42.46,1,no,southeast,11326.71487
18,female,40.28,0,no,northeast,2217.6012
20,male,39.4,2,yes,southwest,38344.566
40,male,41.23,1,no,northeast,6610.1097
50,male,32.205,0,no,northwest,8835.26495
19,male,30.4,0,no,southwest,1256.299
39,male,21.85,1,no,northwest,6117.4945
32,male,37.335,1,no,northeast,4667.60765
55,female,35.2,0,yes,southeast,44423.803
26,male,32.49,1,no,northeast,3490.5491
54,female,32.3,1,no,northeast,11512.405
58,female,22.77,0,no,southeast,11833.7823
24,male,32.7,0,yes,southwest,34472.841
25,female,42.13,1,no,southeast,3238.4357
59,male,25.46,1,no,northeast,12913.9924
27,male,30.5,0,no,southwest,2494.022
64,male,25.6,2,no,southwest,14988.431999999999
62,male,32.015,0,yes,northeast,45710.20785
54,male,34.21,2,yes,southeast,44260.7499
44,female,32.34,1,no,southeast,7633.7206
28,female,24.32,1,no,northeast,23288.9284
33,male,24.605,2,no,northwest,5257.50795
47,male,29.83,3,no,northwest,9620.3307
39,male,29.925,1,yes,northeast,22462.04375
45,male,30.36,0,yes,southeast,62592.87309
22,male,32.11,0,no,northwest,2055.3249
24,female,27.72,0,no,southeast,2464.6188
24,female,25.27,0,no,northeast,3044.2133
28,male,30.875,0,no,northwest,3062.50825
38,male,34.7,2,no,southwest,6082.405
30,male,28.69,3,yes,northwest,20745.9891
19,female,39.615,1,no,northwest,2730.10785
23,male,50.38,1,no,southeast,2438.0552
60,male,28.9,0,no,southwest,12146.971000000001
26,female,29.355,2,no,northeast,4564.19145
51,female,34.96,2,yes,northeast,44641.1974
40,female,22.22,2,yes,southeast,19444.2658
57,male,27.94,1,no,southeast,11554.2236
